{
    "index": [
        {
            "name": "System",
            "hierarchy": [
                { "planet": "EarthLike", "moons": ["Moon"] },
                { "planet": "Mars", "moons": ["Europa"] },
                { "planet": "Alien", "moons": ["Titan"] },
                { "planet": "Triton", "moons": [] },
                { "planet": "Pertam", "moons": [] }
            ]
        }
    ],
    "celestial_bodies": [
        {
            "name": "EarthLike",
            "pve": true,
            "pvp": false,
            "definition_id": "EarthLike",
            "radius": 60000.0,
            "atmosphere_radius": 105000.0,
            "x": 0.5,
            "y": 0.5,
            "z": 0.5
        },
        {
            "name": "Moon",
            "pve": true,
            "pvp": false,
            "definition_id": "Moon",
            "radius": 9500.0,
            "atmosphere_radius": 16625.0,
            "x": 16384.5,
            "y": 136384.5,
            "z": -113615.5
        },
        {
            "name": "Mars",
            "pve": true,
            "pvp": false,
            "definition_id": "Mars",
            "radius": 60000.0,
            "atmosphere_radius": 105000.0,
            "x": 1031072.5,
            "y": 131072.5,
            "z": 1631072.5
        },
        {
            "name": "Europa",
            "pve": true,
            "pvp": false,
            "definition_id": "Europa",
            "radius": 9500.0,
            "atmosphere_radius": 16625.0,
            "x": 916384.5,
            "y": 16384.5,
            "z": 1616384.5
        },
        {
            "name": "Alien",
            "pve": true,
            "pvp": false,
            "definition_id": "Alien",
            "radius": 60000.0,
            "atmosphere_radius": 105000.0,
            "x": 131072.5,
            "y": 131072.5,
            "z": 5731072.5
        },
        {
            "name": "Titan",
            "pve": true,
            "pvp": false,
            "definition_id": "Titan",
            "radius": 9500.0,
            "atmosphere_radius": 16625.0,
            "x": 36384.5,
            "y": 226384.5,
            "z": 5796384.5
        },
        {
            "name": "Triton",
            "pve": true,
            "pvp": false,
            "definition_id": "Triton",
            "radius": 40126.5,
            "atmosphere_radius": 70221.375,
            "x": -284463.5,
            "y": -2434463.5,
            "z": 365536.5
        },
        {
            "name": "Pertam",
            "pve": true,
            "pvp": false,
            "definition_id": "Pertam",
            "radius": 30066.5,
            "atmosphere_radius": 52616.375,
            "x": -3967231.5,
            "y": -32231.5,
            "z": -767231.5
        }
    ],
    "pois": [],
    "sectors": [],
    "definitions": [
        {
            "id": "EarthLike",
            "ores": [
                "Iron",
                "Nickel",
                "Silicon",
                "Cobalt",
                "Silver",
                "Magnesium",
                "Ice",
                "Gold"
            ],
            "gravity": 1,
            "has_atmosphere": true,
            "breathable": false,
            "oxygen_density": 0.9,
            "density": 1,
            "max_wind_speed": 80
        },
        {
            "id": "Alien",
            "ores": [
                "Iron",
                "Nickel",
                "Silicon",
                "Cobalt",
                "Silver",
                "Magnesium",
                "Ice",
                "Gold"
            ],
            "gravity": 1.1,
            "has_atmosphere": true,
            "breathable": false,
            "oxygen_density": 0.1,
            "density": 1.2,
            "max_wind_speed": 80
        },
        {
            "id": "Mars",
            "ores": [
                "Ice",
                "Iron",
                "Nickel",
                "Silicon",
                "Cobalt",
                "Silver",
                "Magnesium",
                "Gold"
            ],
            "gravity": 0.9,
            "has_atmosphere": true,
            "breathable": false,
            "oxygen_density": 0,
            "density": 1,
            "max_wind_speed": 80
        },
        {
            "id": "Moon",
            "ores": [
                "Iron",
                "Nickel",
                "Silicon",
                "Cobalt",
                "Silver",
                "Magnesium",
                "Ice",
                "Gold",
                "Platinum"
            ],
            "gravity": 0.25,
            "has_atmosphere": false
        },
        {
            "id": "Europa",
            "ores": [
                "Iron",
                "Nickel",
                "Silicon",
                "Cobalt",
                "Silver",
                "Magnesium",
                "Ice",
                "Gold",
                "Platinum"
            ],
            "gravity": 0.25,
            "has_atmosphere": true,
            "breathable": false,
            "oxygen_density": 0,
            "max_wind_speed": 30
        },
        {
            "id": "Titan",
            "ores": [
                "Iron",
                "Nickel",
                "Silicon",
                "Cobalt",
                "Silver",
                "Magnesium",
                "Ice",
                "Gold",
                "Platinum"
            ],
            "gravity": 0.25,
            "has_atmosphere": true,
            "breathable": false,
            "max_wind_speed": 80
        }
    ]
}
