{
    "index": [
        {
            "name": "Starter PvE",
            "hierarchy": [
                {
                    "planet": "Earth",
                    "moons": ["P-189 Nanaka"]
                },
                {
                    "planet": "Orilla",
                    "moons": ["Hoth"]
                },
                {
                    "planet": "Sateda",
                    "moons": ["Spilskinanke"]
                }
            ]
        },
        {
            "name": "Starter Hardcore PvE",
            "hierarchy": [
                {
                    "planet": "Athos",
                    "moons": ["Mirin"]
                }
            ]
        },
        {
            "name": "Starter PvP",
            "hierarchy": [
                {
                    "planet": "Asuras",
                    "moons": ["Alglo"]
                },
                {
                    "planet": "Halla",
                    "moons": ["M-5605 Nanaka a"]
                },
                {
                    "planet": "Tollana",
                    "moons": ["Qun"]
                }
            ]
        },
        {
            "name": "Other",
            "hierarchy": [
                {
                    "planet": "Vorash",
                    "moons": []
                }
            ]
        }
    ],
    "celestial_bodies":[
        {
            "name":"M-5605 Nanaka a",
            "pve":false,
            "pvp":true,
            "definition_id":"M-5605 Nanaka a",
            "radius":27498.0,
            "atmosphere_radius":48121.5,
            "x":6042373.9807174914,
            "y":1500140.4795521481,
            "z":-228669.59252072943
        },
        {
            "name":"Tollana",
            "pve":false,
            "pvp":true,
            "definition_id":"Tollana",
            "radius":34998.5,
            "atmosphere_radius":61247.375,
            "x":-3449259.5687385746,
            "y":-7970.3252947919973,
            "z":-4992588.8473843951
        },
        {
            "name":"Asuras",
            "pve":false,
            "pvp":true,
            "definition_id":"Asuras",
            "radius":29999.0,
            "atmosphere_radius":52498.25,
            "x":-2450881.3295168779,
            "y":-1320714.2064516416,
            "z":5441005.9402868766
        },
        {
            "name":"Orilla",
            "pve":true,
            "pvp":false,
            "definition_id":"Orilla",
            "radius":60000.0,
            "atmosphere_radius":105000.0,
            "x":-5941090.9795120936,
            "y":-1368771.8439661802,
            "z":394567.66717556573
        },
        {
            "name":"Halla",
            "pve":false,
            "pvp":true,
            "definition_id":"Halla",
            "radius":32498.0,
            "atmosphere_radius":56871.5,
            "x":5921718.0421359111,
            "y":1629311.7318554742,
            "z":-319184.65311315749
        },
        {
            "name":"Sateda",
            "pve":true,
            "pvp":false,
            "definition_id":"Sateda",
            "radius":60000.0,
            "atmosphere_radius":105000.0,
            "x":2533447.9085706882,
            "y":546984.15745230822,
            "z":-5480657.6568607436
        },
        {
            "name":"Earth",
            "pve":true,
            "pvp":false,
            "definition_id":"Earth",
            "radius":60000.0,
            "atmosphere_radius":105000.0,
            "x":3041445.1954436307,
            "y":1274310.1542704133,
            "z":5121783.6055882331
        },
        {
            "name":"P-189 Nanaka",
            "pve":true,
            "pvp":false,
            "definition_id":"P-189 Nanaka",
            "radius":24999.0,
            "atmosphere_radius":43748.25,
            "x":2862815.694595071,
            "y":1295482.4807333373,
            "z":5146623.24501727
        },
        {
            "name":"Vorash",
            "pve":true,
            "pvp":true,
            "definition_id":"Vorash",
            "radius":60000.0,
            "atmosphere_radius":105000.0,
            "x":10287.856810332058,
            "y":-1706.7688757855649,
            "z":-14173.781206708023
        },
        {
            "name":"Athos",
            "pve":true,
            "pvp":false,
            "definition_id":"Athos",
            "radius":60000.0,
            "atmosphere_radius":105000.0,
            "x":-2307832.3641029592,
            "y":5665324.57173562,
            "z":1225600.9993560822
        },
        {
            "name":"Hoth",
            "pve":true,
            "pvp":false,
            "definition_id":"Hoth",
            "radius":29998.0,
            "atmosphere_radius":52496.5,
            "x":-6113573.8212395646,
            "y":-1510039.3113151779,
            "z":551407.01847960742
        },
        {
            "name":"Qun",
            "pve":false,
            "pvp":true,
            "definition_id":"Qun",
            "radius":27500.5,
            "atmosphere_radius":48125.875,
            "x":-3430492.4572179033,
            "y":146086.88497824623,
            "z":-4915856.61499977
        },
        {
            "name":"Mirin",
            "pve":true,
            "pvp":false,
            "definition_id":"Mirin",
            "radius":25002.0,
            "atmosphere_radius":43753.5,
            "x":-2354504.6849733205,
            "y":6014514.2972345939,
            "z":1297716.1477810158
        },
        {
            "name":"Alglo",
            "pve":false,
            "pvp":true,
            "definition_id":"Alglo",
            "radius":30000.0,
            "atmosphere_radius":52500.0,
            "x":-2312504.4121732018,
            "y":-1274664.6100268974,
            "z":5483609.4228918552
        },
        {
            "name":"Spilskinanke",
            "pve":true,
            "pvp":false,
            "definition_id":"Spilskinanke",
            "radius":29999.5,
            "atmosphere_radius":52499.125,
            "x":2547984.9470813954,
            "y":258176.42493303202,
            "z":-5589723.1299979538
        }
    ],
    "pois":[
    ],
    "sectors":[
    ],
    "definitions": [
        {
          "id": "Alglo",
          "ores": [
            "Silicon",
            "Cobalt",
            "Silver",
            "Ice",
            "Gold",
            "Uraninite",
            "Platinum",
            "Trinium"
          ],
          "gravity": 0.15,
          "has_atmosphere": false
        },
        {
          "id": "M-5605 Nanaka a",
          "ores": [
            "Iron",
            "Nickel",
            "Silicon",
            "Platinum",
            "Cobalt",
            "Magnesium",
            "Uraninite",
            "Trinium",
            "Naquadah"
          ],
          "gravity": 1,
          "has_atmosphere": true,
          "breathable": false,
          "oxygen_density": 0.9,
          "density": 1
        },
        {
          "id": "P-189 Nanaka",
          "ores": [
            "Iron",
            "Nickel",
            "Silicon",
            "Platinum",
            "Cobalt",
            "Silver",
            "Uraninite",
            "Gold",
            "Naquadah"
          ],
          "gravity": 1,
          "has_atmosphere": true,
          "breathable": false,
          "oxygen_density": 0.2,
          "density": 1
        },
        {
          "id": "Asuras",
          "ores": [
            "Iron",
            "Nickel",
            "Silicon",
            "Cobalt",
            "Silver",
            "Magnesium",
            "Uraninite",
            "Trinium",
            "Gold"
          ],
          "gravity": 1.3,
          "has_atmosphere": true,
          "breathable": false,
          "oxygen_density": 0.9,
          "density": 1,
          "max_wind_speed": 80
        },
        {
          "id": "Athos",
          "ores": [
            "Silver",
            "Iron",
            "Nickel",
            "Silicon",
            "Cobalt",
            "Magnesium",
            "Ice",
            "Uraninite",
            "Naquadah",
            "Gold"
          ],
          "gravity": 1,
          "has_atmosphere": true,
          "breathable": false,
          "oxygen_density": 0.9,
          "density": 1.1,
          "max_wind_speed": 70
        },
        {
          "id": "Earth",
          "ores": [
            "Iron",
            "Nickel",
            "Silicon",
            "Cobalt",
            "Silver",
            "Magnesium",
            "Ice"
          ],
          "gravity": 1,
          "has_atmosphere": true,
          "breathable": false,
          "oxygen_density": 0.9,
          "density": 1,
          "max_wind_speed": 80
        },
        {
          "id": "Halla",
          "ores": [
            "Iron",
            "Naquadah",
            "Nickel",
            "Silicon",
            "Cobalt",
            "Platinum",
            "Silver",
            "Magnesium",
            "Uraninite",
            "Gold"
          ],
          "gravity": 1.8,
          "has_atmosphere": true,
          "breathable": false,
          "oxygen_density": 0.4,
          "density": 1,
          "max_wind_speed": 140
        },
        {
          "id": "Hoth",
          "ores": [
            "Iron",
            "Nickel",
            "Silicon",
            "Cobalt",
            "Silver",
            "Magnesium",
            "Uraninite",
            "Gold",
            "Platinum",
            "Trinium"
          ],
          "gravity": 0.25,
          "has_atmosphere": true,
          "breathable": false,
          "oxygen_density": 0,
          "density": 0.3
        },
        {
          "id": "Mirin",
          "ores": [
            "Iron",
            "Nickel",
            "Silicon",
            "Cobalt",
            "Silver",
            "Magnesium",
            "Uraninite",
            "Gold",
            "Platinum",
            "Neutronium"
          ],
          "gravity": 0.4,
          "has_atmosphere": true,
          "breathable": false,
          "oxygen_density": 0,
          "density": 0.3
        },
        {
          "id": "Orilla",
          "ores": [
            "Iron",
            "Nickel",
            "Silicon",
            "Cobalt",
            "Silver",
            "Magnesium",
            "Uraninite",
            "Ice"
          ],
          "gravity": 1,
          "has_atmosphere": true,
          "breathable": false,
          "oxygen_density": 0.9,
          "density": 1,
          "max_wind_speed": 80
        },
        {
          "id": "Sateda",
          "ores": [
            "Iron",
            "Nickel",
            "Uraninite",
            "Silicon",
            "Magnesium",
            "Cobalt",
            "Silver",
            "Ice"
          ],
          "gravity": 1,
          "has_atmosphere": true,
          "breathable": false,
          "oxygen_density": 0.15,
          "density": 1.2,
          "max_wind_speed": 120
        },
        {
          "id": "Tollana",
          "ores": [
            "Iron",
            "Silicon",
            "Nickel",
            "Silver",
            "Magnesium",
            "Ice",
            "Cobalt",
            "Gold",
            "Neutronium"
          ],
          "gravity": 1.3,
          "has_atmosphere": true,
          "breathable": false,
          "oxygen_density": 0.4,
          "density": 1,
          "max_wind_speed": 70
        },
        {
          "id": "Vorash",
          "ores": [
            "Ice",
            "Olesian",
            "Iron",
            "Nickel",
            "Silicon",
            "Neutronium",
            "Naquadah",
            "Cobalt",
            "Silver",
            "Magnesium",
            "Platinum",
            "Uraninite",
            "Gold",
            "Trinium"
          ],
          "gravity": 1.3,
          "has_atmosphere": true,
          "breathable": false,
          "oxygen_density": 0.42,
          "density": 1.15,
          "max_wind_speed": 110
        },
        {
          "id": "Qun",
          "ores": [
            "Iron",
            "Nickel",
            "Silicon",
            "Ice",
            "Magnesium",
            "Cobalt",
            "Silver",
            "Gold",
            "Platinum",
            "Neutronium"
          ],
          "gravity": 0.35,
          "has_atmosphere": false
        },
        {
          "id": "Spilskinanke",
          "ores": [
            "Iron",
            "Nickel",
            "Silicon",
            "Gold",
            "Cobalt",
            "Magnesium",
            "Platinum",
            "Naquadah"
          ],
          "gravity": 1,
          "has_atmosphere": true,
          "breathable": false,
          "oxygen_density": 0.9,
          "density": 1.1,
          "max_wind_speed": 100
        }
    ]
}
