{
    "name": "Stargate Dimensions",
    "sectors": [
        {
            "name": "Deep Space",
            "x": 0,
            "y": 0,
            "z": 1,
            "radius": 40,
            "color": "#444",
            "description": "Deep space covers all visible space.",
            "pve_protected": false,
            "planets": [],
            "asteroids": {
                "ores": ["Iron", "Nickel", "Silicon", "Cobalt", "Magnesium", "Uranium", "Trinium", "Naquadah", "Neutronium", "Deuterium"]
            }
        },
        {
            "name": "Trade Hub",
            "x": 0,
            "y": 0,
            "z": 0,
            "radius": 4,
            "color": "#FFFFFF",
            "pve_protected": true,
            "planets": [],
            "asteroids": []
        },
        {
            "name": "Milky Way",
            "x": -20,
            "y": 15,
            "z": 0,
            "radius": 5,
            "color": "#00FF00",
            "pve_protected": true,
            "planets": [
                {
                    "name": "Earth",
                    "x": -0.24,
                    "y": 2,
                    "z": 0.8,
                    "has_atmosphere": true,
                    "colormap": "Earth_color.jpg",
                    "heightmap": "Earth.jpg",
                    "coords": [-10119631.51, 8497689.74, 401560.82],
                    "scale": 1,
                    "color": "white",
                    "gravity": 1.0,
                    "ores": ["Iron", "Nickel", "Silicon", "Cobalt", "Magnesium", "Ice", "Silver", "Deuterium"],
                    "spawn": true,
                    "moons": [
                        {
                            "name": "Moon",
                            "x": 0.10,
                            "y": 2.41,
                            "z": 0.34,
                            "has_atmosphere": false,
                            "colormap": "Moon_color.jpg",
                            "heightmap": "Moon.jpg",
                            "gravity": 0.25,
                            "scale": 0.2,
                            "coords": [-9951123.47, 8557051.6, 370749.63],
                            "ores": ["Iron", "Nickel", "Silicon", "Cobalt", "Magnesium", "Ice", "Silver", "Gold", "Platinum"]
                        }
                    ]
                },
                {
                    "name": "Abydos",
                    "x": -1.84,
                    "y": -0.82,
                    "z": -1.54,
                    "has_atmosphere": true,
                    "colormap": "Abydos_color.jpg",
                    "heightmap": "Abydos.jpg",
                    "coords": [-10921136.63, 7090014.77, -770866.34],
                    "scale": 1,
                    "color": "white",
                    "gravity": 1.2,
                    "ores": ["Iron", "Nickel", "Silicon", "Cobalt", "Magnesium", "Ice", "Silver", "Deuterium", "Uranium", "Naquadah"],
                    "moons": [
                        {
                            "name": "Moon I",
                            "x": -1.21,
                            "y": -0.74,
                            "z": -1.42,
                            "has_atmosphere": false,
                            "colormap": "2k_moon.jpg",
                            "heightmap": "Moon.jpg",
                            "gravity": 0.25,
                            "scale": 0.2,
                            "coords": [-10706473.13, 7130249.08, -658157.74],
                            "ores": ["Iron", "Nickel", "Silicon", "Cobalt", "Magnesium", "Ice", "Silver", "Gold", "Platinum"]
                        },
                        {
                            "name": "Moon II",
                            "x": -1.31,
                            "y": -0.85,
                            "z": -1.92,
                            "has_atmosphere": true,
                            "colormap": "2k_mars.jpg",
                            "heightmap": "Mars.jpg",
                            "gravity": 1.2,
                            "scale": 0.2,
                            "coords": [-10754280.44, 7075078.08, -861581.84],
                            "ores": ["Iron", "Nickel", "Silicon", "Cobalt", "Magnesium", "Ice", "Silver", "Gold", "Platinum"]
                        }
                    ]
                },
                {
                    "name": "Langara",
                    "x": 2.66,
                    "y": -1.08,
                    "z": -1.02,
                    "has_atmosphere": true,
                    "colormap": "Langara_color.jpg",
                    "heightmap": "Langara.jpg",
                    "coords": [-8669241.61, 6959524.38, -509650.43],
                    "scale": 1.0,
                    "color": "white",
                    "gravity": 1.0,
                    "ores": ["Iron", "Nickel", "Silicon", "Cobalt", "Magnesium", "Ice", "Silver", "Uranium", "Platinum"],
                    "moons": [
                        {
                            "name": "Moon",
                            "x": 3.0,
                            "y": -0.5,
                            "z": -0.97,
                            "has_atmosphere": true,
                            "colormap": "2k_mars.jpg",
                            "heightmap": "Mars.jpg",
                            "gravity": 1.0,
                            "scale": 0.2,
                            "coords": [-8502348.17, 7198748.01, -434924.16],
                            "ores": ["Iron", "Nickel", "Silicon", "Cobalt", "Magnesium", "Ice", "Silver", "Gold", "Platinum"]
                        }
                    ]
                }
            ],
            "asteroids": {
                "ores": ["Iron", "Nickel", "Silicon", "Cobalt", "Magnesium", "Uranium", "Trinium", "Naquadah", "Neutronium", "Deuterium"]
            }
        },
        {
            "name": "Pegasus",
            "x": -20,
            "y": -15,
            "z": 0,
            "radius": 5,
            "color": "#FFFF00",
            "pve_protected": false,
            "description": "PvP is allowed across all of the sector, except Asuras and it's moon.",
            "planets": [
                {
                    "name": "Asuras",
                    "x": -0.49,
                    "y": -2.75,
                    "z": -0.05,
                    "has_atmosphere": true,
                    "colormap": "Asuras_color.jpg",
                    "heightmap": "Asuras.jpg",
                    "pve_protected": true,
                    "coords": [-10245819.10, -8876811.10, -23533.89],
                    "scale": 1,
                    "color": "green",
                    "gravity": 1.0,
                    "ores": ["Iron", "Nickel", "Silicon", "Cobalt", "Magnesium", "Ice", "Silver"],
                    "spawn": true,
                    "moons": [
                        {
                            "name": "Moon",
                            "x": -0.34,
                            "y": -2.82,
                            "z": 0.83,
                            "has_atmosphere": false,
                            "pve_protected": true,
                            "colormap": "Europa_color.jpg",
                            "heightmap": "Europa.jpg",
                            "gravity": 0.25,
                            "scale": 0.2,
                            "coords": [-10171647.26, -8905364.84, 161314.51],
                            "ores": ["Iron", "Nickel", "Silicon", "Cobalt", "Magnesium", "Ice", "Silver", "Gold", "Platinum"]
                        }
                    ]
                },
                {
                    "name": "Hoff",
                    "description": "This planet has water mod enabled.",
                    "x": 2.82,
                    "y": 0.35,
                    "z": 0.16,
                    "has_atmosphere": true,
                    "colormap": "Hoff_color.jpg",
                    "heightmap": "Hoff.jpg",
                    "coords": [-8590329.38, -7327125.68, 78901.23],
                    "scale": 1,
                    "color": "white",
                    "gravity": 1.0,
                    "ores": ["Iron", "Nickel", "Silicon", "Cobalt", "Magnesium", "Ice", "Silver", "Gold", "Uranium", "Deuterium", "Naquadah"],
                    "spawn": false,
                    "moons": [
                        {
                            "name": "Moon",
                            "x": 2.9,
                            "y": 0.2,
                            "z": 0.73,
                            "has_atmosphere": false,
                            "colormap": "Moon_color.jpg",
                            "heightmap": "Moon.jpg",
                            "gravity": 0.25,
                            "scale": 0.2,
                            "coords": [-8552097.47, -7397547.27, 166610.24],
                            "ores": ["Iron", "Nickel", "Silicon", "Cobalt", "Magnesium", "Ice", "Silver", "Gold", "Platinum"]
                        }
                    ]
                },
                {
                    "name": "Othala",
                    "x": -2.62,
                    "y": 1.78,
                    "z": -1.09,
                    "has_atmosphere": true,
                    "colormap": "Othala_color.jpg",
                    "heightmap": "Othala.jpg",
                    "coords": [-11307874.94, -6611347.52, -544998.91],
                    "scale": 1,
                    "color": "white",
                    "gravity": 0.25,
                    "ores": ["Iron", "Nickel", "Silicon", "Cobalt", "Magnesium", "Ice", "Silver", "Gold", "Uranium", "Platinum", "Neutronium"],
                    "spawn": false,
                    "moons": [
                        {
                            "name": "Moon",
                            "x": -3.29,
                            "y": 1.89,
                            "z": -1.13,
                            "has_atmosphere": true,
                            "colormap": "2k_snowmoon.jpg",
                            "heightmap": "Moon.jpg",
                            "gravity": 1.0,
                            "scale": 0.2,
                            "coords": [-11396120.8, -6552530.07, -463538.87],
                            "ores": ["Iron", "Nickel", "Silicon", "Cobalt", "Magnesium", "Ice", "Silver", "Gold", "Platinum"]
                        }
                    ]
                }
            ],
            "asteroids": {
                "ores": ["Iron", "Nickel", "Silicon", "Cobalt", "Magnesium", "Uranium", "Trinium", "Naquadah", "Neutronium", "Deuterium"]
            }
        },
        {
            "name": "Nemesis",
            "x": 20,
            "y": 0,
            "z": 0,
            "radius": 5,
            "color": "#FF0000",
            "planets": [
                {
                    "name": "Celestes",
                    "x": -0.58,
                    "y": -2.27,
                    "z": 1.01,
                    "has_atmosphere": true,
                    "colormap": "Celestes_color.jpg",
                    "heightmap": "Celestes.jpg",
                    "coords": [9712389.32, -1137478.97, 504236.54],
                    "scale": 1,
                    "color": "white",
                    "gravity": 1.4,
                    "ores": ["Iron", "Nickel", "Silicon", "Cobalt", "Magnesium", "Ice", "Silver", "Gold", "Uranium"],
                    "spawn": true,
                    "moons": [
                        {
                            "name": "Moon",
                            "x": 0.01,
                            "y": -2.22,
                            "z": 1.14,
                            "has_atmosphere": false,
                            "colormap": "2k_moon.jpg",
                            "heightmap": "Moon.jpg",
                            "gravity": 0.25,
                            "scale": 0.2,
                            "coords": [-8502348.17, 7198748.01, -434924.16],
                            "ores": ["Iron", "Nickel", "Silicon", "Cobalt", "Magnesium", "Ice", "Silver", "Gold", "Platinum"]
                        }
                    ]
                },
                {
                    "name": "Iratus",
                    "x": 0.18,
                    "y": 1.89,
                    "z": -1.29,
                    "has_atmosphere": true,
                    "colormap": "Iratus_color.jpg",
                    "heightmap": "Iratus.jpg",
                    "coords": [10090426.68, 944499.42, -646509.96],
                    "scale": 1,
                    "color": "white",
                    "gravity": 0.9,
                    "ores": ["Iron", "Nickel", "Silicon", "Cobalt", "Magnesium", "Ice", "Silver", "Gold", "Uranium", "Platinum", "Deuterium", "Naquadah", "Neutronium", "Trinium", "Titanium"],
                    "spawn": false,
                    "moons": [
                    ]
                },
                {
                    "name": "P3X-888",
                    "x": -2.44,
                    "y": 0.01,
                    "z": 0.06,
                    "has_atmosphere": true,
                    "colormap": "P3X-888_color.jpg",
                    "heightmap": "P3X-888.jpg",
                    "coords": [8781433.38, 3113.61, 31451.55],
                    "scale": 1,
                    "color": "white",
                    "gravity": 0.4,
                    "ores": ["Iron", "Nickel", "Silicon", "Cobalt", "Magnesium", "Ice", "Silver", "Gold", "Uranium", "Platinum", "Deuterium", "Naquadah", "Neutronium", "Trinium", "Titanium"],
                    "spawn": false,
                    "moons": [
                        {
                            "name": "Moon",
                            "x": -2.03,
                            "y": 0.33,
                            "z": -0.42,
                            "has_atmosphere": false,
                            "colormap": "2k_mars.jpg",
                            "heightmap": "Mars.jpg",
                            "gravity": 0.25,
                            "scale": 0.2,
                            "coords": [-8502348.17, 7198748.01, -434924.16],
                            "ores": ["Iron", "Nickel", "Silicon", "Cobalt", "Magnesium", "Ice", "Silver", "Gold", "Platinum"]
                        }
                    ]
                },
                {
                    "name": "Malice",
                    "x": 2.41,
                    "y": -1.4,
                    "z": -0.5,
                    "has_atmosphere": true,
                    "colormap": "Malice_color.jpg",
                    "heightmap": "Malice.jpg",
                    "coords": [11206836.70, -700446.88, -250858.04],
                    "scale": 1,
                    "color": "white",
                    "gravity": 1.9,
                    "ores": ["Iron", "Nickel", "Silicon", "Cobalt", "Magnesium", "Ice", "Silver", "Gold", "Uranium", "Platinum", "Deuterium", "Naquadah", "Neutronium", "Trinium", "Titanium"],
                    "spawn": false,
                    "moons": [
                        {
                            "name": "Moon",
                            "x": 2.89,
                            "y": -1.25,
                            "z": -0.94,
                            "has_atmosphere": true,
                            "colormap": "2k_snowmoon.jpg",
                            "heightmap": "Moon.jpg",
                            "gravity": 1.0,
                            "scale": 0.2,
                            "coords": [-8502348.17, 7198748.01, -434924.16],
                            "ores": ["Iron", "Nickel", "Silicon", "Cobalt", "Magnesium", "Ice", "Silver", "Gold", "Platinum"]
                        }
                    ]
                }
            ],
            "asteroids": {
                "ores": ["Iron", "Nickel", "Silicon", "Cobalt", "Magnesium", "Uranium", "Trinium", "Naquadah", "Neutronium", "Deuterium"]
            }
        },
        {
            "name": "Kaliam",
            "x": -5,
            "y": -7.57,
            "z": -17.83,
            "radius": 5,
            "color": "#FFFF00",
            "description": "PvP is allowed across all of the sector, except Orilla and it's moon.",
            "planets": [
                {
                    "name": "Orilla",
                    "x": 4.08,
                    "y": 0.29,
                    "z": -1.57,
                    "has_atmosphere": true,
                    "colormap": "Orilla_color.jpg",
                    "heightmap": "Orilla.jpg",
                    "coords": [-459178.55, -3640156.44, -9699819.36],
                    "scale": 1,
                    "color": "white",
                    "gravity": 1.0,
                    "ores": ["Iron", "Nickel", "Silicon", "Cobalt", "Magnesium", "Ice", "Silver", "Deuterium"],
                    "spawn": true,
                    "pve_protected": true,
                    "moons": [
                    ]
                },
                {
                    "name": "Novus",
                    "x": -2.16,
                    "y": 2.92,
                    "z": -0.26,
                    "has_atmosphere": true,
                    "colormap": "Novus_color.jpg",
                    "heightmap": "Novus.jpg",
                    "coords": [-3577096.13, -2324477.53, -9044469.56],
                    "scale": 1,
                    "color": "white",
                    "gravity": 1.0,
                    "ores": ["Iron", "Nickel", "Silicon", "Cobalt", "Magnesium", "Ice", "Silver", "Gold", "Uranium", "Platinum", "Naquadah", "Neutronium", "Trinium", "Titanium"],
                    "spawn": false,
                    "pve_protected": false,
                    "moons": [
                        {
                            "name": "Moon",
                            "x": -1.74,
                            "y": 2.99,
                            "z": -0.64,
                            "has_atmosphere": true,
                            "colormap": "2k_snowmoon.jpg",
                            "heightmap": "Moon.jpg",
                            "gravity": 1.0,
                            "scale": 0.2,
                            "coords": [-8502348.17, 7198748.01, -434924.16],
                            "ores": ["Iron", "Nickel", "Silicon", "Cobalt", "Magnesium", "Ice", "Silver", "Gold", "Platinum"]
                        }
                    ]
                },
                {
                    "name": "M6H-987",
                    "x": -1.29,
                    "y": 2.75,
                    "z": -0.57,
                    "has_atmosphere": true,
                    "colormap": "M6H-987_color.jpg",
                    "heightmap": "M6H-987.jpg",
                    "coords": [-3142094.33, -2409726.81, -9198030.24],
                    "scale": 0.4,
                    "color": "purple",
                    "gravity": 2.1,
                    "ores": ["Ice", "Gold"],
                    "spawn": false,
                    "pve_protected": false,
                    "moons": [
                    ]
                },
                {
                    "name": "Dakara",
                    "x": 1.47,
                    "y": -2.03,
                    "z": 2.77,
                    "has_atmosphere": true,
                    "colormap": "Dakara_color.jpg",
                    "heightmap": "Dakara.jpg",
                    "coords": [-1762363.66, -4797610.14, -7529876.17],
                    "scale": 1,
                    "color": "white",
                    "gravity": 1.0,
                    "ores": ["Iron", "Nickel", "Silicon", "Cobalt", "Magnesium", "Ice", "Silver", "Gold", "Uranium", "Platinum", "Deuterium", "Naquadah", "Neutronium", "Trinium", "Titanium"],
                    "spawn": false,
                    "pve_protected": false,
                    "moons": [
                    ]
                }
            ],
            "asteroids": {
                "ores": ["Iron", "Nickel", "Silicon", "Cobalt", "Magnesium", "Uranium", "Trinium", "Naquadah", "Neutronium", "Deuterium"]
            }
        }
    ]
}
